stockcode,description
10002,INFLATABLE POLITICAL GLOBE
10080,GROOVY CACTUS INFLATABLE
10123C,HEARTS WRAPPING TAPE
15030,FAN BLACK FRAME
15036,ASSORTED COLOURS SILK FAN
15044B,BLUE PAPER PARASOL
15058A,BLUE POLKADOT GARDEN PARASOL
15058B,PINK POLKADOT GARDEN PARASOL
15060B,FAIRY CAKE DESIGN UMBRELLA
16010,FOLDING CAMPING SCISSOR W/KNIF & S
16015,MEDIUM CHINESE STYLE SCISSOR
16020C,CLEAR STATIONERY BOX SET
16033,MINI HIGHLIGHTER PENS
16043,POP ART PUSH DOWN RUBBER
16045,POPART WOODEN PENCILS ASST
16046,TEATIME PEN CASE & PENS
16049,TEATIME GEL PENS ASST
16052,TEATIME PUSH DOWN RUBBER
16151A,FLOWERS HANDBAG blue and orange
16156S,WRAP PINK FAIRY CAKES
16162L,THE KING GIFT BAG
16162M,THE KING GIFT BAG 25x24x12cm
16169K,WRAP FOLK ART
16169P,WRAP GREEN RUSSIAN FOLKART
16202B,PASTEL BLUE PHOTO ALBUM
16207A,PINK STRAWBERRY HANDBAG
16207B,PINK HEART RED HANDBAG
16244B,MAXWELL 2 TONE BLUE 60 PAGE PHOTO A
16248B,BLUE HOLE PUNCH
16254,TRANSPARENT ACRYLIC TAPE DISPENSER
16259,PIECE OF CAMO STATIONERY SET
17007B,S/3 POT POURI CUSHIONS BLUE COLOURS
17011F,ORIGAMI SANDLEWOOD INCENSE+FLOWER
17012A,ORIGAMI VANILLA INCENSE/CANDLE SET
17012B,ORIGAMI JASMINE INCENSE/CANDLE SET
17013D,ORIGAMI ROSE INCENSE IN TUBE
17014A,ORIGAMI VANILLA INCENSE CONES
17090D,VANILLA INCENSE 40 CONES IN TIN
17091A,LAVENDER INCENSE IN TIN
17096,ASSORTED LAQUERED INCENSE HOLDERS
17165D,ASS COL LARGE SAND FROG P'WEIGHT
18007,ESSENTIAL BALM 3.5g TIN IN ENVELOPE
18094C,WHITE AND BLUE CERAMIC OIL BURNER
18097A,PINK TALL PORCELAIN T-LIGHT HOLDER
18098C,PORCELAIN BUTTERFLY OIL BURNER
20658,RED RETROSPOT LUGGAGE TAG
20664,TROPICAL HOLIDAY PURSE
20665,RED RETROSPOT PURSE
20666,ECONOMY HOLIDAY PURSE
20669,RED HEART LUGGAGE TAG
20671,BLUE TEATIME PRINT BOWL
20681,PINK POLKADOT CHILDRENS UMBRELLA
20684,STRAWBERRY DREAM CHILDS UMBRELLA
20686,DOLLY MIXTURE CHILDREN'S UMBRELLA
20699,MOUSEY LONG LEGS SOFT TOY
20701,PINK CAT FLORAL CUSHION COVER
20702,PINK PADDED MOBILE
20713,JUMBO BAG OWLS
20716,PARTY FOOD SHOPPER BAG
20731,POSY CANDY BAG
20734,SILVER MINI TAPE MEASURE
20735,BLACK MINI TAPE MEASURE
20748,KENSINGTON COFFEE SET
20752,BLUE POLKADOT WASHING UP GLOVES
20756,GREEN FERN POCKET BOOK
20758,ABSTRACT CIRCLES POCKET BOOK
20759,CHRYSANTHEMUM POCKET BOOK
20760,GARDEN PATH POCKET BOOK
20773,BLUE PAISLEY NOTEBOOK
20774,GREEN FERN NOTEBOOK
20775,DAISY NOTEBOOK
20778,GARDEN PATH NOTEBOOK
20785,FUSCHIA RETRO BAR STOOL
20793,BLUE TILED TRAY
20798,CLEAR MILKSHAKE GLASS
20801,LARGE PINK GLASS SUNDAE DISH
20816,GOLD FLOWER CUSHION COVER
20820,SILVER LOOKING MIRROR
20821,GOLDIE LOOKING MIRROR
20823,GOLD WINE GOBLET
20826,SILVER APERITIF GLASS
20851,ZINC HEART LATTICE TRAY OVAL
20854,BLUE PATCH PURSE PINK HEART
20857,BLUE ROSE PATCH PURSE PINK BUTTERFL
20860,GOLD COSMETICS BAG WITH BUTTERFLY
20878,SET/9 CHRISTMAS T-LIGHTS SCENTED
20886,BOX OF 9 PEBBLE CANDLES
20892,SET/3 TALL GLASS CANDLE HOLDER PINK
20903,VINTAGE KEEPSAKE BOX TRAVELOGUE
20906,VINTAGE NOTEBOOK BEAUTY GIRL
20910,VINTAGE PHOTO ALBUM PARIS DAYS
20933,YELLOW POT PLANT CANDLE
20934,SET/3 POT PLANT CANDLES
20941,FROG CANDLE
20954,*USB Office Mirror Ball
20956,PORCELAIN T-LIGHT HOLDERS ASSORTED
20964,POLYESTER FILLER PAD 60x40cm
20966,SANDWICH BATH SPONGE
20967,GREY FLORAL FELTCRAFT SHOULDER BAG
20973,12 PENCIL SMALL TUBE WOODLAND
20975,12 PENCILS SMALL TUBE RED RETROSPOT
20977,36 PENCILS TUBE WOODLAND
20980,36 PENCILS TUBE POSY
20984,12 PENCILS TALL TUBE POSY
20998,ROSE DU SUD OVEN GLOVE
21000,ROSE DU SUD COSMETICS BAG
21009,ETCHED GLASS STAR TREE DECORATION
21011,GLITTER SNOW PEAR TREE DECORATION
21027,NINJA RABBIT PINK
21033,JUMBO BAG CHARLIE AND LOLA TOYS
21038,SET/4 MODERN VINTAGE COTTON NAPKINS
21040,MODERN VINTAGE COTTON SHOPPING BAG
21043,APRON MODERN VINTAGE COTTON
21051,RIBBONS PURSE
21054,NURSE'S BAG SOFT TOY
21067,VINTAGE RED TEATIME MUG
21069,VINTAGE BILLBOARD TEA MUG
21071,VINTAGE BILLBOARD DRINK ME MUG
21078,SET/20 STRAWBERRY PAPER NAPKINS
21087,SET/6 POSIES PAPER CUPS
21095,SET/6 POSIES PAPER PLATES
21098,CHRISTMAS TOILET ROLL
21110,LARGE CAKE TOWEL PINK SPOTS
21116,OWL DOORSTOP
21120,*Boombox Ipod Classic
21137,BLACK RECORD COVER FRAME
21143,ANTIQUE GLASS HEART DECORATION
21144,PINK POODLE HANGING DECORATION
21145,ANTIQUE GLASS PLACE SETTING
21147,JINGLE BELLS TREE DECORATION
21160,KEEP OUT GIRLS DOOR HANGER
21161,KEEP OUT BOYS DOOR HANGER
21163,DO NOT TOUCH MY STUFF DOOR HANGER
21165,BEWARE OF THE CAT METAL SIGN
21169,YOU'RE CONFUSING ME METAL SIGN
21171,BATHROOM METAL SIGN
21172,PARTY METAL SIGN
21174,POTTERING IN THE SHED METAL SIGN
21175,GIN + TONIC DIET METAL SIGN
21179,NO JUNK MAIL METAL SIGN
21181,PLEASE ONE PERSON METAL SIGN
21186,WHITE DOVE HONEYCOMB PAPER GARLAND
21187,WHITE BELL HONEYCOMB PAPER GARLAND
21190,PINK HEARTS PAPER GARLAND
21195,PINK  HONEYCOMB PAPER BALL
21210,SET OF 72 RETROSPOT PAPER  DOILIES
21228,"POCKET MIRROR ""GLAMOROUS"""
21244,BLUE POLKADOT PLATE
21246,RED RETROSPOT BIG BOWL
21248,DOOR HANGER  MUM + DADS ROOM
21257,VICTORIAN SEWING BOX MEDIUM
21258,VICTORIAN SEWING BOX LARGE
21259,VICTORIAN SEWING BOX SMALL
21269,ANTIQUE CREAM CUTLERY SHELF
21272,SALLE DE BAIN HOOK
21275,ZINC TOP  2 DOOR WOODEN SHELF
21278,VINTAGE KITCHEN PRINT PUDDINGS
21279,VINTAGE KITCHEN PRINT FRUITS
21281,VINTAGE KITCHEN PRINT SEAFOOD
21288,STRIPEY CHOCOLATE NESTING BOXES
21294,ETCHED GLASS COASTER
21311,SET/4 BIRD MIRROR MAGNETS
21316,SMALL CHUNKY GLASS ROMAN  BOWL
21318,GLASS CHALICE BLUE SMALL
21320,GLASS CHALICE GREEN  LARGE
21324,HANGING MEDINA LANTERN SMALL
21332,MOROCCAN BEATEN METAL MIRROR
21348,PINK SPOTS CHOCOLATE NESTING BOXES
21349,IVY HEART WREATH
21355,TOAST ITS - I LOVE YOU
21357,TOAST ITS - DINOSAUR
21359,RELAX LARGE WOOD LETTERS
21361,LOVE LARGE WOOD LETTERS
21363,HOME SMALL WOOD LETTERS
21391,FRENCH LAVENDER SCENT HEART
21392,RED POLKADOT PUDDING BOWL
21393,BLUE POLKADOT PUDDING BOWL
21394,RED POLKADOT BEAKER
21395,BLUE POLKADOT BEAKER
21399,BLUE POLKADOT COFFEE MUG
21402,RED  EGG  SPOON
21407,BROWN CHECK CAT DOORSTOP
21410,COUNTRY COTTAGE  DOORSTOP GREEN
21412,VINTAGE GOLD TINSEL REEL
21414,SCALLOP SHELL SOAP DISH
21416,CLAM SHELL LARGE
21421,PORCELAIN ROSE LARGE
21422,PORCELAIN ROSE SMALL
21429,RED GINGHAM ROSE JEWELLERY BOX
21445,12 PINK ROSE PEG PLACE SETTINGS
21446,12 RED ROSE PEG PLACE SETTINGS
21447,12 IVORY ROSE PEG PLACE SETTINGS
21448,12 DAISY PEGS IN WOOD BOX
21472,LADYBIRD + BEE RAFFIA FOOD COVER
21484,CHICK GREY HOT WATER BOTTLE
21486,PINK HEART DOTS HOT WATER BOTTLE
21488,RED WHITE SCARF  HOT WATER BOTTLE
21491,SET OF THREE VINTAGE GIFT WRAPS
21503,TOYBOX  WRAP
21504,SKULLS GREETING CARD
21518,BANK ACCOUNT  GREETING  CARD
21527,RED RETROSPOT TRADITIONAL TEAPOT
21535,RED RETROSPOT SMALL MILK JUG
21538,DAIRY MAID  PUDDING BOWL
21547,CERAMIC BIRDHOUSE CRESTED TIT SMALL
21555,CERAMIC STRAWBERRY TRINKET TRAY
21578,WOODLAND DESIGN  COTTON TOTE BAG
21586,KINGS CHOICE GIANT TUBE MATCHES
21587,COSY HOUR GIANT TUBE MATCHES
21594,Dr. Jam's Arouzer Stress Ball
21595,Dad's Cab Electronic Meter
21609,SET 12 LAVENDER  BOTANICAL T-LIGHTS
21613,S/12 VANILLA  BOTANICAL T-LIGHTS
21614,SET OF 12 ROSE BOTANICAL T-LIGHTS
21618,4 WILDFLOWER BOTANICAL CANDLES
21620,SET OF 4 ROSE BOTANICAL CANDLES
21621,VINTAGE UNION JACK BUNTING
21632,VINTAGE PINK DECORATIVE PARASOL
21634,ASSORTED MINI MADRAS NOTEBOOK
21635,MADRAS NOTEBOOK LARGE
21637,ASSORTED SANSKRIT MINI NOTEBOOK
21638,ASSORTED TUTTI FRUTTI NOTEBOOK
21641,ASSORTED TUTTI FRUTTI KEYRING BALL
21645,ASSORTED TUTTI FRUTTI ROUND BOX
21648,ASSORTED TUTTI FRUTTI SMALL PURSE
21651,HANGING GLASS ETCHED TEALIGHT
21655,HANGING RIDGE GLASS T-LIGHT HOLDER
21658,GLASS  BEURRE DISH
21661,VINTAGE GLASS TEA CADDY
21662,VINTAGE GLASS COFFEE CADDY
21664,RIDGED GLASS STORAGE JAR CREAM LID
21667,GLASS CAKE COVER AND PLATE
21670,BLUE SPOT CERAMIC DRAWER KNOB
21673,WHITE SPOT BLUE CERAMIC DRAWER KNOB
21681,GIANT MEDINA STAMPED METAL BOWL
21682,LARGE MEDINA STAMPED METAL BOWL
21683,MEDIUM MEDINA STAMPED METAL BOWL
21684,SMALL MEDINA STAMPED METAL BOWL
21686,MEDINA STAMPED METAL STOOL
21690,SILVER  CANDLEPOT JARDIN
21692,SILVER LATTICE VANILLA CANDLE POT
21696,SMALL SILVER TRELLIS CANDLEPOT
21700,BIG DOUGHNUT FRIDGE MAGNETS
21717,EASTER TIN BUCKET
21736,GOLD SCROLL GLASS T-LIGHT HOLDER
21738,COSY SLIPPER SHOES SMALL  RED
21743,STAR PORTABLE TABLE LIGHT
21758,VINTAGE SHELLS PRINT
21763,VINTAGE WOODEN BAR STOOL
21777,RECIPE BOX WITH METAL HEART
21781,MA CAMPAGNE CUTLERY BOX
21784,SHOE SHINE BOX
21785,RAIN PONCHO
21792,CLASSIC FRENCH STYLE BASKET GREEN
21801,CHRISTMAS TREE DECORATION WITH BELL
21803,CHRISTMAS TREE STAR DECORATION
21804,WHITE CHRISTMAS GARLAND STARS TREES
21807,WHITE CHRISTMAS STAR DECORATION
21808,"CHRISTMAS GARLAND STARS,TREES"
21809,CHRISTMAS HANGING TREE WITH BELL
21811,HANGING HEART WITH BELL
21814,HEART T-LIGHT HOLDER
21817,GLITTER CHRISTMAS TREE
21820,GLITTER HEART GARLAND WITH BELLS
21826,EIGHT PIECE DINOSAUR SET
21827,EIGHT PIECE CREEPY CRAWLIE SET
21830,ASSORTED CREEPY CRAWLIES
21836,GINGHAM OVEN GLOVE RED HEART
21839,MUMMY MOUSE RED GINGHAM RIBBON
21841,BABY MOUSE RED GINGHAM DRESS
21865,PINK UNION JACK  PASSPORT COVER
21868,POTTING SHED TEA MUG
21870,I CAN ONLY PLEASE ONE PERSON MUG
21891,TRADITIONAL WOODEN SKIPPING ROPE
21894,POTTING SHED SEED ENVELOPES
21895,POTTING SHED SOW 'N' GROW SET
21896,POTTING SHED TWINE
21897,POTTING SHED CANDLE CITRONELLA
21898,POTTING SHED ROSE CANDLE
21904,HOUSE WRECKING METAL SIGN
21907,I'M ON HOLIDAY METAL SIGN
21910,WAY OUT METAL SIGN
21911,GARDEN METAL SIGN
21918,SET 12 KIDS COLOUR  CHALK STICKS
21927,BLUE/CREAM STRIPE CUSHION COVER
21937,STRAWBERRY   PICNIC BAG
21973,SET OF 36 MUSHROOM PAPER DOILIES
21974,SET OF 36 PAISLEY FLOWER DOILIES
22021,BLUE FELT EASTER EGG BASKET
22024,RAINY LADIES BIRTHDAY CARD
22028,PENNY FARTHING BIRTHDAY CARD
22033,BOTANICAL ROSE GREETING CARD
22034,ROBIN CHRISTMAS CARD
22035,VINTAGE CARAVAN GREETING CARD
22042,CHRISTMAS CARD SINGING ANGEL
22044,CHRISTMAS CARD STACK OF PRESENTS
22050,PINK PAISLEY ROSE GIFT WRAP
22052,VINTAGE CARAVAN GIFT WRAP
22060,LARGE CAKE STAND HANGING HEARTS
22062,CERAMIC BOWL WITH LOVE HEART DESIGN
22073,RED RETROSPOT STORAGE JAR
22078,RIBBON REEL LACE DESIGN
22080,RIBBON REEL POLKADOTS
22084,PAPER CHAIN KIT EMPIRE
22087,PAPER BUNTING WHITE LACE
22088,PAPER BUNTING COLOURED LACE
22114,HOT WATER BOTTLE TEA AND SYMPATHY
22121,NOEL WOODEN BLOCK LETTERS
22125,UNION JACK HOT WATER BOTTLE
22136,LOVE HEART SOCK HANGER
22139,RETROSPOT TEA SET CERAMIC 11 PC
22145,CHRISTMAS CRAFT HEART STOCKING
22146,EASTER CRAFT IVY WREATH WITH CHICK
22149,FELTCRAFT 6 FLOWER FRIENDS
22155,STAR DECORATION RUSTIC
22157,ANGEL DECORATION WITH LACE PADDED
22158,3 HEARTS HANGING DECORATION RUSTIC
22162,HEART GARLAND RUSTIC PADDED
22163,HEART STRING MEMO HOLDER HANGING
22164,STRING OF STARS CARD HOLDER
22168,ORGANISER WOOD ANTIQUE WHITE
22171,3 HOOK PHOTO SHELF ANTIQUE WHITE
22173,METAL 4 HOOK HANGER FRENCH CHATEAU
22180,RETROSPOT LAMP
22184,CAKE STAND VICTORIAN FILIGREE LARGE
22192,BLUE DINER WALL CLOCK
22194,BLACK DINER WALL CLOCK
22198,LARGE POPCORN HOLDER
22202,MILK PAN PINK POLKADOT
22218,CAKE STAND LACE WHITE
22242,5 HOOK HANGER MAGIC TOADSTOOL
22244,3 HOOK HANGER MAGIC GARDEN
22245,"HOOK, 1 HANGER ,MAGIC GARDEN"
22268,DECORATION SITTING BUNNY
22272,FELTCRAFT DOLL MARIA
22276,WASH BAG VINTAGE ROSE PAISLEY
22323,PINK POLKADOT KIDS BAG
22336,DOVE DECORATION PAINTED ZINC
22353,LUNCH BOX WITH CUTLERY FAIRY CAKES
22409,MONEY BOX BISCUITS DESIGN
22412,METAL SIGN NEIGHBOURHOOD WITCH
22415,WHITE TISSUE REAM
22443,GROW YOUR OWN HERBS SET OF 3
22444,GROW YOUR OWN PLANT IN A CAN
22445,PENCIL CASE LIFE IS BEAUTIFUL
22451,SILK PURSE BABUSHKA RED
22452,MEASURING TAPE BABUSHKA PINK
22453,MEASURING TAPE BABUSHKA BLUE
22454,MEASURING TAPE BABUSHKA RED
22459,CAST IRON HOOK GARDEN TROWEL
22461,SAVOY ART DECO CLOCK
22467,GUMBALL COAT RACK
22469,HEART OF WICKER SMALL
22470,HEART OF WICKER LARGE
22480,RED TEA TOWEL CLASSIC DESIGN
22482,BLUE TEA TOWEL CLASSIC DESIGN
22497,SET OF 2 TINS VINTAGE BATHROOM
22501,PICNIC BASKET WICKER LARGE
22502,PICNIC BASKET WICKER SMALL
22518,CHILDS GARDEN BRUSH BLUE
22519,CHILDS GARDEN BRUSH PINK
22520,CHILDS GARDEN TROWEL BLUE
22521,CHILDS GARDEN TROWEL PINK
22524,CHILDRENS GARDEN GLOVES BLUE
22525,CHILDRENS GARDEN GLOVES PINK
22528,GARDENERS KNEELING PAD
22533,MAGIC DRAWING SLATE BAKE A CAKE
22548,HEADS AND TAILS SPORTING FUN
22567,20 DOLLY PEGS RETROSPOT
22568,FELTCRAFT CUSHION OWL
22570,FELTCRAFT CUSHION RABBIT
22579,WOODEN TREE CHRISTMAS SCANDINAVIAN
22588,CARD HOLDER GINGHAM HEART
22591,CARDHOLDER GINGHAM CHRISTMAS TREE
22606,WOODEN SKITTLES GARDEN SET
22625,RED KITCHEN SCALES
22627,MINT KITCHEN SCALES
22632,HAND WARMER RED RETROSPOT
22633,HAND WARMER UNION JACK
22656,VINTAGE BLUE KITCHEN CABINET
22665,RECIPE BOX BLUE SKETCHBOOK DESIGN
22687,DOORMAT CHRISTMAS VILLAGE
22688,DOORMAT PEACE ON EARTH BLUE
22689,DOORMAT MERRY CHRISTMAS RED
22696,WICKER WREATH LARGE
22698,PINK REGENCY TEACUP AND SAUCER
22712,CARD DOLLY GIRL
22719,GUMBALL MONOCHROME COAT RACK
22720,SET OF 3 CAKE TINS PANTRY DESIGN
22722,SET OF 6 SPICE TINS PANTRY DESIGN
22726,ALARM CLOCK BAKELIKE GREEN
22729,ALARM CLOCK BAKELIKE ORANGE
22734,SET OF 6 RIBBONS VINTAGE CHRISTMAS
22740,POLKADOT PEN
22764,"RUSTIC WOODEN CABINET, GLASS DOORS"
22765,NEWSPAPER STAND
22769,CHALKBOARD KITCHEN ORGANISER
22775,PURPLE DRAWERKNOB ACRYLIC EDWARDIAN
22777,GLASS CLOCHE LARGE
22783,SET 3 WICKER OVAL BASKETS W LIDS
22784,LANTERN CREAM GAZEBO
22791,T-LIGHT GLASS FLUTED ANTIQUE
22795,SWEETHEART RECIPE BOOK STAND
22810,SET OF 6 T-LIGHTS SNOWMEN
22812,PACK 3 BOXES CHRISTMAS PANNETONE
22827,RUSTIC  SEVENTEEN DRAWER SIDEBOARD
22829,SWEETHEART WIRE WALL TIDY
22830,UTILTY CABINET WITH HOOKS
22833,HALL CABINET WITH 3 DRAWERS
22837,HOT WATER BOTTLE BABUSHKA
22838,3 TIER CAKE TIN RED AND CREAM
22847,BREAD BIN DINER STYLE IVORY
22848,BREAD BIN DINER STYLE PINK
22854,CREAM SWEETHEART EGG HOLDER
22855,FINE WICKER HEART
22862,LOVE HEART NAPKIN BOX
22863,SOAP DISH BROCANTE
22865,HAND WARMER OWL DESIGN
22866,HAND WARMER SCOTTY DOG DESIGN
22867,HAND WARMER BIRD DESIGN
22893,MINI CAKE STAND T-LIGHT HOLDER
22925,BLUE GIANT GARDEN THERMOMETER
22926,IVORY GIANT GARDEN THERMOMETER
22943,CHRISTMAS LIGHTS 10 VINTAGE BAUBLES
22947,WOODEN ADVENT CALENDAR RED
22959,WRAP CHRISTMAS VILLAGE
22966,GINGERBREAD MAN COOKIE CUTTER
22968,ROSE COTTAGE KEEPSAKE BOX
22988,SOLDIERS EGG CUP
23028,DRAWER KNOB CRACKLE GLAZE BLUE
23065,LARGE DECO JEWELLERY STAND
23066,SMALL DECO JEWELLERY STAND
23084,RABBIT NIGHT LIGHT
23091,ZINC HERB GARDEN CONTAINER
23131,MISTLETOE HEART WREATH CREAM
23134,LARGE ZINC HEART WALL ORGANISER
23135,SMALL ZINC HEART WALL ORGANISER
23152,IVORY SWEETHEART WIRE LETTER RACK
23159,SET OF 5 PANCAKE DAY MAGNETS
23175,REGENCY MILK JUG PINK
23268,SET OF 2 CERAMIC CHRISTMAS REINDEER
23283,DOORMAT VINTAGE LEAF
23284,DOORMAT KEEP CALM AND COME IN
23306,SET OF 36 DOILIES PANTRY DESIGN
23348,CHILDRENS TOY COOKING UTENSIL SET
23400,SHELF WITH 4 HOOKS HOME SWEET HOME
23406,HOME SWEET HOME KEY HOLDER
23412,HEART MIRROR ANTIQUE WHITE
23444,Next Day Carriage
23541,WALL ART CLASSIC PUDDINGS
23574,PACKING CHARGE
23579,SNACK TRAY I LOVE LONDON
23702,High Resolution Image
35001W,HAND OPEN SHAPE DECO.WHITE
35004C,SET OF 3 COLOURED  FLYING DUCKS
35004P,SET OF 3 PINK FLYING DUCKS
35271S,GOLD PRINT PAPER BAG
35400,WOODEN BOX ADVENT CALENDAR
35591T,TURQUOISE CHRISTMAS TREE
35597A,DUSTY PINK CHRISTMAS TREE 30CM
35597D,PINK/WHITE CHRISTMAS TREE 30CM
35598A,DUSTY PINK CHRISTMAS TREE 60CM
35607A,PINK FLUFFY CHRISTMAS DECORATION
35609A,PINK FEATHER CHRISTMAS DECORATION
35645,VINTAGE BEAD PINK JEWEL BOX
35649,VINTAGE BEAD COSMETIC BAG
35650,VINTAGE BEAD PINK JEWEL STAND
35653,VINTAGE BEAD NOTEBOOK
35809A,ENAMEL PINK TEA CONTAINER
35809B,ENAMEL BLUE RIM TEA CONTAINER
35810B,ENAMEL BLUE RIM COFFEE CONTAINER
35815P,"ACRYLIC JEWEL SNOWFLAKE, PINK"
35818B,"ACRYLIC JEWEL ICICLE, BLUE"
35819B,"ACRYLIC HANGING JEWEL,BLUE"
35819P,"ACRYLIC HANGING JEWEL,PINK"
35911A,MULTICOLOUR RABBIT EGG WARMER
35914,PINK CHICK EGG WARMER + EGG CUP
35915C,PEACH KNITTED HEN
35916A,YELLOW FELT HANGING HEART W FLOWER
35916B,BLUE FELT HANGING HEART WITH FLOWER
35916C,PINK FELT HANGING HEART W FLOWER
35920,FOUR RABBIT EASTER DECORATIONS
35922,EASTER BUNNY WREATH
35933,PINK STOCKING CHRISTMAS DECORATION
35954,SMALL FOLKART STAR CHRISTMAS DEC
35957,SMALLFOLKART BAUBLE CHRISTMAS DEC
35958,FOLKART ZINC STAR CHRISTMAS DEC
35965,FOLKART HEART NAPKIN RINGS
35966,FOLKART CHRISTMAS TREE T-LIGHT HOLD
35970,ZINC FOLKART SLEIGH BELLS
35972,DAISY FOLKART HEART DECORATION
37327,ASSTD MULTICOLOUR CIRCLES MUG
37333,"RETRO ""TEA FOR ONE"""
37342,POLKADOT COFFEE CUP & SAUCER PINK
37370,RETRO COFFEE MUGS ASSORTED
37379A,PINK CHERRY BLOSSOM CUP & SAUCER
37413,ICON MUG REVOLUTIONARY
37423,WHITE WITH BLACK CATS PLATE
37444A,YELLOW BREAKFAST CUP AND SAUCER
37444B,BLUE BREAKFAST CUP AND SAUCER
37444C,PINK BREAKFAST CUP AND SAUCER
37461,FUNKY MONKEY MUG
37464,ROBOT MUG IN DISPLAY BOX
37467,PIG MUG IN TWO COLOUR DESIGNS
37468,HARDMAN MUG 3 ASSORTED
37474,SET/4 2 TONE EGG SHAPE MIXING BOWLS
37476,CONDIMENT TRAY 4 BOWLS AND 4 SPOONS
37479B,CUBIC MUG FLOCK BLUE ON BROWN
37489A,YELLOW/PINK FLOWER DESIGN BIG MUG
37501,TEA TIME TEA SET IN GIFT BOX
37509,NEW ENGLAND MUG W GIFT BOX
40003,WHITE BAMBOO RIBS LAMPSHADE
40016,CHINESE DRAGON PAPER LANTERNS
40046A,RED DAISY PAPER LAMPSHADE
44091A,BLUE CRUSOE CHECK LAMPSHADE
44236,PINK/PURPLE CIRCLE CURTAIN
44265,M/COLOUR POM-POM CURTAIN
46115B,GREEN POP ART MAO CUSHION COVER
46126A,ELVIS WALLHANGING / CURTAIN
46775D,SUNSET COLOUR CHUNKY KNITTED THROW
47013C,WINE BOTTLE DRESSING DARK BLUE
47021G,SET/6 BEAD COASTERS GAUZE BAG GOLD
47341A,FUSCHIA TABLE RUN FLOWER
47343A,FUSCHIA FLOWER PURSE WITH BEADS
47344B,BLUE FLOWER DES PURSE
47503A,ASS FLORAL PRINT MULTI SCREWDRIVER
47504K,ENGLISH ROSE GARDEN SECATEURS
47556B,TEA TIME TEA TOWELS
47559B,TEA TIME OVEN GLOVE
47570B,TEA TIME TABLE CLOTH
47574B,ENGLISH ROSE SCENTED HANGING HEART
47579,TEA TIME BREAKFAST BASKET
47589,CONGRATULATIONS BUNTING
47591B,SCOTTIES CHILDRENS APRON
47591D,PINK FAIRY CAKE CHILDRENS APRON
47593A,CAROUSEL PONIES BABY BIB
48116,DOORMAT MULTICOLOUR STRIPE
48173C,DOORMAT BLACK FLOCK
51008,AFGHAN SLIPPER SOCK PAIR
62043B,BLUE CHECK BAG W HANDLE 34X20CM
62094B,TURQ ICE CREAM BUM BAG
62096A,PINK/YELLOW FLOWERS HANDBAG
62096B,PURPLE/TURQ FLOWERS HANDBAG
62097B,BLUE STRIPES SHOULDER BAG
71038,WHITE HANGING BEADS CANDLE HOLDER
71143,SILVER BOOK MARK WITH BEADS
71477,COLOUR GLASS. STAR T-LIGHT HOLDER
72051S,BAG OF SILVER STONES
72127,COLUMBIAN CANDLE ROUND
72225C,LAVENDER SCENT CAKE CANDLE
72709,IVORY SCULPTED RND CANDLE
72798C,SET/4 GARDEN ROSE DINNER CANDLE
72799F,IVORY PILLAR CANDLE GOLD FLOCK
72800D,4 BLUE DINNER CANDLES SILVER FLOCK
72801G,4 BURGUNDY WINE DINNER CANDLES
72802C,VANILLA SCENT CANDLE JEWELLED BOX
72815,3 WICK CHRISTMAS BRIAR CANDLE
72816,SET/3 CHRISTMAS DECOUPAGE CANDLES
72817,SET OF 2 CHRISTMAS DECOUPAGE CANDLE
72818,CHRISTMAS DECOUPAGE CANDLE
72821,CUPID SCENTED CANDLE IN GLASS
75013B,"STRING OF 8 BUTTERFLIES,PINK"
75131,METAL TUBE CHIME ON BAMBOO
75172,PAINTED SEA SHELL METAL WINDCHIME
77079,DOLPHIN WINDMILL
77101A,UNION FLAG WINDSOCK
79000,MOROCCAN TEA GLASS
79026B,"S/4 ICON COASTER,ELVIS LIVES"
79030D,TUMBLER BAROQUE
79062D,"RETRO TIN ASHTRAY,REVOLUTIONARY"
79063C,"RETRO PILL BOX KEY CHAIN,THE KING"
79063D,"RETRO PILL BOX , REVOLUTIONARY"
79067,CORONA MEXICAN TRAY
79071B,ENGLISH ROSE METAL WASTE BIN
79161A,ST GEORGE SET OF 10 PARTY LIGHTS
79163,BLACK CHAMPAGNE GLASS
79164,BLACK WINE GLASS
79192A,RETRO PLASTIC 70'S TRAY
79302M,"ART LIGHTS,FUNK MONKEY"
79321,CHILLI LIGHTS
79329,PINK FLOCK GLASS CANDLEHOLDER
79331,PINK FLOCK GLASS CANDLEHOLDER
79336,LIGHT PINK FLOCK GLASS CANDLEHOLDER
79337,BLUE FLOCK GLASS CANDLEHOLDER
81950B,FLOWER BLUE CLOCK WITH SUCKER
81950V,FLOWER PURPLE CLOCK WITH SUCKER
81952B,ROUND BLUE CLOCK WITH SUCKER
81953B,ROUND BLUE CLOCK WITH SUCKER
81953P,ROUND ARTICULATED PINK CLOCK W/SUCK
82095,HEART BUTTONS JEWELLERY BOX
82483,WOOD 2 DRAWER CABINET WHITE FINISH
82494L,WOODEN FRAME ANTIQUE WHITE
82551,LAUNDRY 15C METAL SIGN
82567,"AIRLINE LOUNGE,METAL SIGN"
82583,HOT BATHS METAL SIGN
82599,FANNY'S REST STOPMETAL SIGN
82605,OLD DOC RUSSEL METAL SIGN
82613B,"METAL SIGN,CUPCAKE SINGLE HOOK"
84029E,RED WOOLLY HOTTIE WHITE HEART.
84029G,KNITTED UNION FLAG HOT WATER BOTTLE
84218,BOX/12 CHICK & EGG IN BASKET
84226,HEN HOUSE W FAMILY IN BARN & NEST
84227,HEN HOUSE W CHICK IN NEST
84247E,PACK OF 12 CHRISTMAS FUN CARDS
84247K,"FOLK ART GREETING CARD,pack/12"
84247L,FAWN AND MUSHROOM GREETING CARD
84251B,"GREETING CARD, STICKY GORDON"
84270,ASSTD DESIGN BUBBLE GUM RING
84279B,CHERRY BLOSSOM DECORATIVE FLASK
84306,S/3 PINK SQUARE PLANTERS ROSES
84313C,ORANGE TV TRAY TABLE
84341B,SMALL PINK MAGIC CHRISTMAS TREE
84387A,BIRD ON BRANCH CANVAS SCREEN
84388,WISE MAN STAR SHAPE EGG PAN
84402B,PURPLE DRESS JEWELLERY STAND
84406B,CREAM CUPID HEARTS COAT HANGER
84415A,PINK FLOCK SUEDE CUSHION COVER
84415B,BLUE FLOCK CUSHION COVER
84452,METAL RABBIT LADDER EASTER
84459B,YELLOW METAL CHICKEN HEART
84465,15 PINK FLUFFY CHICKS IN BOX
84466,TOP SECRET PEN SET
84497,BUTTONS AND STRIPES NOTEBOOK
84499,BLACK FLOWER CANDLE PLATE
84507B,STRIPES DESIGN MONKEY DOLL
84508B,STRIPES DESIGN TEDDY
84520B,PACK 20 ENGLISH ROSE PAPER NAPKINS
84522,PINK PARTY SUNGLASSES
84531A,PINK KNITTED EGG COSY
84531B,BLUE KNITTED EGG COSY
84534B,FAIRY CAKE NOTEBOOK A5 SIZE
84535A,ENGLISH ROSE NOTEBOOK A6 SIZE
84539,KNITTED RABBIT DOLL
84548,CROCHET BEAR RED/BLUE  KEYRING
84559B,3D SHEET OF CAT STICKERS
84562A,PINK/WHITE RIBBED MELAMINE JUG
84563A,PINK & WHITE BREAKFAST TRAY
84569A,PACK 3 IRON ON DOG PATCHES
84569B,PACK 3 FIRE ENGINE/CAR PATCHES
84569C,PACK 4 FLOWER/BUTTERFLY PATCHES
84569D,PACK 6 HEART/ICE-CREAM PATCHES
84576,BLUE CAT BISCUIT BARREL PINK HEART
84581,DOG TOY WITH PINK CROCHET SKIRT
84584,PINK GINGHAM CAT WITH SCARF
84593,CROCHET ROSE DES CLOTHES HANGER
84595E,LARGE TORTILLA DESIGN RED BOWL
84596E,SMALL LICORICE DES PINK BOWL
84596G,SMALL CHOCOLATES PINK BOWL
84596J,MIXED NUTS LIGHT GREEN BOWL
84596L,BISCUITS SMALL BOWL LIGHT BLUE
84597B,RETRO BROWN BALL ASHTRAY
84597C,RETRO PINK BALL ASHTRAY
84611B,thrown away
84613C,BLUE NEW BAROQUE FLOCK CANDLESTICK
84625C,BLUE NEW BAROQUE CANDLESTICK CANDLE
84629,WHITE 3 FRAME BIRDS AND TREE
84631,FRUIT TREE AND BIRDS WALL PLAQUE
84638,SMALL KITCHEN FLOWER POTS PLAQUE
84660A,WHITE STITCHED WALL CLOCK
84660C,PINK STITCHED WALL CLOCK
84663A,GRASS HOPPER WOODEN WALL CLOCK
84666,SQUARE CHERRY BLOSSOM CABINET
84675,FROG KING WATERING CAN
84678,CLASSICAL ROSE SMALL VASE
84683,CLASSICAL ROSE CANDLESTAND
84685,BEACH HUT KEY CABINET
84686,BEACH HUT MIRROR
84688,BEACH HUT DESIGN BLACKBOARD
84689,S/2 BEACH HUT TREASURE CHESTS
84691,PACK 20 DOLLY PEGS
84706D,CHERRY BLOSSOM TABLE CLOCK
84708B,PINK JEWELLED PHOTO FRAME
84709B,PINK OVAL JEWELLED MIRROR
84715,SET OF 6 ICE CREAM SKITTLES
84725,FREESTYLE CANVAS ART PICTURE
84741C,CITRUS GARLAND FELT FLOWERS
84743C,ORANGE FELT VASE + FLOWERS
84746,PINK EASTER HENS+FLOWER
84748,FOLK FELT HANGING MULTICOL GARLAND
84750A,PINK SMALL GLASS CAKE STAND
84750B,BLACK SMALL GLASS CAKE STAND
84751B,BLACK MEDIUM GLASS CAKE STAND
84754,S/15 SILVER GLASS BAUBLES IN BAG
84760S,SMALL HANGING GLASS+ZINC LANTERN
84763,ZINC FINISH 15CM PLANTER POTS
84766,SILVER ROCOCO CANDLE STICK
84773,RED ROSE AND LACE C/COVER
84789,ENCHANTED BIRD PLANT CAGE
84795C,OCEAN STRIPE HAMMOCK
84796B,BLUE SAVANNAH PICNIC HAMPER FOR 2
84798B,PURPLE FOXGLOVE ARTIIFCIAL FLOWER
84799,SPRIG LAVENDER ARTIFICIAL FLOWER
84800L,LARGE WHITE/PINK ROSE ART FLOWER
84800M,MEDIUM WHITE/PINK ROSE ART FLOWER
84801B,WHITE HYDRANGEA ART FLOWER
84802A,WHITE ANEMONE ARTIFICIAL FLOWER
84802B,PURPLE ANEMONE ARTIFICIAL FLOWER
84804B,BLUE DELPHINIUM ARTIFICIAL FLOWER
84809A,WHITE CHRYSANTHEMUMS ART FLOWER
84823,DANISH ROSE FOLDING CHAIR
84840,SWEETHEART CARRY-ALL BASKET
84846A,SCENTED CANDLE IN DIGITALIS TIN
84847,FLORAL BATHROOM SET
84849D,HOT BATHS SOAP HOLDER
84854,GIRLY PINK TOOL SET
84856L,LARGE TAHITI BEACH BAG
84856S,SMALL TAHITI BEACH BAG
84857B,BLUE MONTE CARLO HANDBAG
84857C,PINK MONTE CARLO HANDBAG
84858C,PINK RIVIERA HANDBAG
84872A,TEATIME FUNKY FLOWER BACKPACK FOR 2
84873A,FUNKY FLOWER PICNIC BAG FOR 4
84874B,BLUE TRAVEL FIRST AID KIT
84876B,GREEN HEART COMPACT MIRROR
84877A,PINK ROUND COMPACT MIRROR
84877B,GREEN ROUND COMPACT MIRROR
84877D,BLUE ROUND COMPACT MIRROR
84880,WHITE WIRE EGG HOLDER
84881,BLUE WIRE SPIRAL CANDLE HOLDER
84898F,YELLOW FLOWERS FELT HANDBAG KIT
84905,PINK BUTTERFLY CUSHION COVER
84906,PINK B'FLY C/COVER W BOBBLES
84907,PINK YELLOW PATCH CUSHION COVER
84910A,PINK PAISLEY CUSHION COVER
84912A,PINK ROSE WASHBAG
84912B,GREEN ROSE WASHBAG
84913A,SOFT PINK ROSE TOWEL
84916,HAND TOWEL PALE BLUE W FLOWERS
84917,WHITE HAND TOWEL WITH BUTTERFLY
84919,BLUE CUSHION COVER WITH FLOWER
84920,PINK FLOWER FABRIC PONY
84921,CREAM AND PINK FLOWERS PONY
84925D,LA PALMIERA WALL THERMOMETER
84925F,PSYCHEDELIC WALL THERMOMETER
84927A,WAKE UP COCKEREL TILE HOOK
84927D,LA PALMIERA TILE HOOK
84927E,FLOWERS TILE HOOK
84944,SET OF 6 KASHMIR FOLKART BAUBLES
84952C,MIRROR LOVE BIRD T-LIGHT HOLDER
84968B,SET OF 16 VINTAGE IVORY CUTLERY
84975,HEART SHAPED MIRROR
84976,RECTANGULAR SHAPED MIRROR
84977,WIRE FLOWER T-LIGHT HOLDER
84989A,75 GREEN FAIRY CAKE CASES
84990,60 GOLD AND SILVER FAIRY CAKE CASES
84993B,75 BLACK PETIT FOUR CASES
85006,SET 4 NURSERY DES ROUND BOXES
85008,SET OF 3 CONEY ISLAND OVAL BOXES
85016,SET OF 6 VINTAGE NOTELETS KIT
85017A,ENVELOPE 50 ROMANTIC IMAGES
85017B,ENVELOPE 50 BLOSSOM IMAGES
85025C,PINK HEART SHAPE PHOTO FRAME
85027L,FRENCH CHATEAU LARGE PLATTER
85028L,FRENCH CHATEAU LARGE FRUIT BOWL
85028S,FRENCH CHATEAU SMALL FRUITBOWL
85030,FRENCH CHATEAU OVAL PLATTER
85031C,CURIOUS IMAGES SCRAP BOOK SET
85032D,YULETIDE IMAGES GIFT WRAP SET
85036A,GARDENIA 1 WICK MORRIS BOXED CANDLE
85040B,SET/4 BLUE FLOWER CANDLES IN BOWL
85045,GREEN CHRISTMAS TREE STRING 20LIGHT
85049B,LUSH GREENS RIBBONS
85049D,BRIGHT BLUES RIBBONS
85049F,BABY BOOM RIBBONS
85061W,WHITE JEWELLED HEART DECORATION
85064,CREAM SWEETHEART LETTER RACK
85067,CREAM SWEETHEART WALL CABINET
85068,CREAM SWEETHEART SHELF + HOOKS
85084,HOLLY TOP CHRISTMAS STOCKING
85086A,CANDY SPOT HEART DECORATION
85087,CANDY SPOT CUSHION COVER
85092,CANDY SPOT TEA COSY
85096,HILDA CANDY SPOT RABBIT
85098B,BLUE FLYING SINGING CANARY
85099F,JUMBO BAG STRAWBERRY
85106,CUT GLASS HEXAGON T-LIGHT HOLDER
85107,CUT GLASS T-LIGHT HOLDER OCTAGON
85118,HEART T-LIGHT HOLDER
85119,WATERING CAN SINGLE HOOK PISTACHIO
85124C,GREEN JUICY FRUIT PHOTO FRAME
85125,SMALL ROUND CUT GLASS CANDLESTICK
85126,LARGE ROUND CUTGLASS CANDLESTICK
85127,SMALL SQUARE CUT GLASS CANDLESTICK
85130A,BEADED PEARL HEART WHITE LARGE
85132B,CHARLIE AND LOLA TABLE TINS
85135A,YELLOW DRAGONFLY HELICOPTER
85135B,BLUE DRAGONFLY HELICOPTER
85136B,BLUE SHARK HELICOPTER
85141,JARDIN ETCHED GLASS FRUITBOWL
85144,JARDIN ETCHED GLASS CHEESE DISH
85145,JARDIN ETCHED GLASS LARGE BELL JAR
85146,JARDIN ETCHED GLASS SMALL BELL JAR
85150,LADIES & GENTLEMEN METAL SIGN
85152,HAND OVER THE CHOCOLATE   SIGN
85160A,WHITE BIRD GARDEN DESIGN MUG
85167B,BLACK GRAND BAROQUE PHOTO FRAME
85170A,SET/6 IVORY BIRD T-LIGHT CANDLES
85175,CACTI T-LIGHT CANDLES
85185B,PINK HORSE SOCK PUPPET
85185D,FROG SOCK PUPPET
85188B,PINK METAL SWINGING BUNNY
85189,HANGING BUTTERFLY  EGG
85195,HANGING HEART BASKET
85197,SET OF 12 MINI BUNNIES IN A BUCKET
85198,ASSORTED FARMYARD ANIMALS IN BUCKET
85200,BUNNY EGG BOX
85206A,CREAM FELT EASTER EGG BASKET
85211,S/4 GROOVY CAT MAGNETS
85213,MINI  ZINC GARDEN DECORATIONS
85214,TUB 24 PINK FLOWER PEGS
85215,ASSORTED CHEESE FRIDGE MAGNETS
85224,ASSORTED COLOUR SILK GLASSES CASE
85230E,STRAWBRY SCENTED VOTIVE CANDLE
85230F,JASMINE VOTIVE CANDLE
85232A,SET/3 POLKADOT STACKING TINS
85232B,SET OF 3 BABUSHKA STACKING TINS
85232D,SET/3 DECOUPAGE STACKING TINS
90002D,FLOWER BURST SILVER RING CRYSTAL
90005A,JADE GREEN ENAMEL HAIR COMB
90010A,MIDNIGHT BLUE GLASS/SILVER BRACELET
90010B,BLACK/WHITE GLASS/SILVER BRACELET
90014B,GOLD M PEARL  ORBIT NECKLACE
90014C,SILVER AND BLACK ORBIT NECKLACE
90035A,"PEARL & SHELL 42""NECKL. GREEN"
90042C,FRESHWATER PEARL BRACELET IVORY
90082B,DIAMANTE BOW BROOCH RED COLOUR
90082D,DIAMANTE BOW BROOCH BLACK COLOUR
90084,PINK CRYSTAL GUITAR PHONE CHARM
90096,NECKLACE+BRACELET SET BLUE BLOSSOM
90099,NECKLACE+BRACELET SET BLUE HIBISCUS
90100,NECKLACE+BRACELET SET PINK DAISY
90104,PURPLE FRANGIPANI HAIRCLIP
90112,PINK DOLLY HAIR CLIPS
90120D,WHITE MURANO TWIST BRACELET
90164A,PINK ROSEBUD PEARL BRACELET
90164B,WHITE  ROSEBUD PEARL BRACELET
90167,BEADED LOVE HEART JEWELLERY SET
90173,PAIR BUTTERFLY HAIR CLIPS
90200C,BLUE SWEETHEART BRACELET
90209B,GREEN ENAMEL+GLASS HAIR COMB
90209C,PINK ENAMEL+GLASS HAIR COMB
90210C,RED   ACRYLIC FACETED BANGLE
C2,CARRIAGE
DCGS0070,CAMOUFLAGE DOG COLLAR
DOT,DOTCOM POSTAGE
POST,POSTAGE
gift_0001_10,Dotcomgiftshop Gift Voucher £10.00
gift_0001_30,Dotcomgiftshop Gift Voucher £30.00
